tahun,col,Module,Record,Jenis_Saran,Field,Usulan,Risk,Status,Alias,Canonical,Tipe,Confidence,Aksi
2026,HUNTER-4F9440691308E6A3,korupsi,"KPK: Bupati Langkat Terima Suap Rp800 Juta dari Total 1,1 M",AI_HUNTER_RSS,source_candidate,"KPK ungkap Bupati Langkat, Syah Afandin, terima suap Rp800 juta dari Yaqub Abdhal. Kasus melibatkan proyek di Dinas Pendidikan dan Disperkim. https://www.cnnindonesia.com/nasional/20260704070854-12-1376709/kpk-bupati-langkat-terima-suap-rp800-juta-dari-total-11-m",LOW,DRAFT_REVIEW_NEEDS_EVIDENCE,MR-AI-B0D4B35B62EFC919,https://www.cnnindonesia.com/nasional/20260704070854-12-1376709/kpk-bupati-langkat-terima-suap-rp800-juta-dari-total-11-m,CURRENT_PERIOD_SEARCH,63,AI_AUDIT_AND_MAP_TO_FINAL_MODULE
2026,HUNTER-583A1429B012302E,prog_daerah,Flyover Latumenten Jakarta Barat Disebut Bisa Kurangi Macet 40 Persen,AI_HUNTER_RSS,source_candidate,"Anggota DPRD DKI, Hardiyanto Kenneth, menyatakan Flyover Latumenten akan kurangi kemacetan 40%. Proyek ini ditargetkan selesai Desember 2026. https://www.cnnindonesia.com/nasional/20260703204701-20-1376641/flyover-latumenten-jakarta-barat-disebut-bisa-kurangi-macet-40-persen",MEDIUM,DRAFT_REVIEW_NEEDS_EVIDENCE,MR-AI-A37C36185F8E6A5E,https://www.cnnindonesia.com/nasional/20260703204701-20-1376641/flyover-latumenten-jakarta-barat-disebut-bisa-kurangi-macet-40-persen,CURRENT_PERIOD_SEARCH,72,AI_AUDIT_AND_MAP_TO_FINAL_MODULE
2026,HUNTER-8B06867E0A44DC29,prog_legislatif,Flyover Latumenten Jakarta Barat Disebut Bisa Kurangi Macet 40 Persen,AI_HUNTER_RSS,source_candidate,"Anggota DPRD DKI, Hardiyanto Kenneth, menyatakan Flyover Latumenten akan kurangi kemacetan 40%. Proyek ini ditargetkan selesai Desember 2026. https://www.cnnindonesia.com/nasional/20260703204701-20-1376641/flyover-latumenten-jakarta-barat-disebut-bisa-kurangi-macet-40-persen",HIGH,DRAFT_REVIEW_NEEDS_EVIDENCE,MR-AI-6BA9ABA42B3FDCDD,https://www.cnnindonesia.com/nasional/20260703204701-20-1376641/flyover-latumenten-jakarta-barat-disebut-bisa-kurangi-macet-40-persen,CURRENT_PERIOD_SEARCH,87,AI_AUDIT_AND_MAP_TO_FINAL_MODULE
2026,HUNTER-C5D8F55756862AEB,akuntansi,"Purbaya Ungkap Dampak MBG di Jateng, Ciptakan 193 Ribu Lowongan Kerja",AI_HUNTER_RSS,source_candidate,"Menteri Keuangan Purbaya Yudhi Sadewa mengungkapkan program Makan Bergizi Gratis di Jateng telah menjangkau 9,16 juta penerima manfaat hingga 2026. https://www.cnbcindonesia.com/news/20260703172118-4-747928/purbaya-ungkap-dampak-mbg-di-jateng-ciptakan-193-ribu-lowongan-kerja",LOW,DRAFT_REVIEW_NEEDS_EVIDENCE,MR-AI-9D80916949C609D4,https://www.cnbcindonesia.com/news/20260703172118-4-747928/purbaya-ungkap-dampak-mbg-di-jateng-ciptakan-193-ribu-lowongan-kerja,CURRENT_PERIOD_SEARCH,67,AI_AUDIT_AND_MAP_TO_FINAL_MODULE
2026,HUNTER-029F119BDFA2C3FA,audit,"Purbaya Ungkap Dampak MBG di Jateng, Ciptakan 193 Ribu Lowongan Kerja",AI_HUNTER_RSS,source_candidate,"Menteri Keuangan Purbaya Yudhi Sadewa mengungkapkan program Makan Bergizi Gratis di Jateng telah menjangkau 9,16 juta penerima manfaat hingga 2026. https://www.cnbcindonesia.com/news/20260703172118-4-747928/purbaya-ungkap-dampak-mbg-di-jateng-ciptakan-193-ribu-lowongan-kerja",LOW,DRAFT_REVIEW_NEEDS_EVIDENCE,MR-AI-1D9FF538C38126E8,https://www.cnbcindonesia.com/news/20260703172118-4-747928/purbaya-ungkap-dampak-mbg-di-jateng-ciptakan-193-ribu-lowongan-kerja,CURRENT_PERIOD_SEARCH,67,AI_AUDIT_AND_MAP_TO_FINAL_MODULE
2026,HUNTER-B00E1A69F47E8C4C,audittrail,"Purbaya Ungkap Dampak MBG di Jateng, Ciptakan 193 Ribu Lowongan Kerja",AI_HUNTER_RSS,source_candidate,"Menteri Keuangan Purbaya Yudhi Sadewa mengungkapkan program Makan Bergizi Gratis di Jateng telah menjangkau 9,16 juta penerima manfaat hingga 2026. https://www.cnbcindonesia.com/news/20260703172118-4-747928/purbaya-ungkap-dampak-mbg-di-jateng-ciptakan-193-ribu-lowongan-kerja",LOW,DRAFT_REVIEW_NEEDS_EVIDENCE,MR-AI-4B95E7525ACD51B5,https://www.cnbcindonesia.com/news/20260703172118-4-747928/purbaya-ungkap-dampak-mbg-di-jateng-ciptakan-193-ribu-lowongan-kerja,CURRENT_PERIOD_SEARCH,67,AI_AUDIT_AND_MAP_TO_FINAL_MODULE
2026,HUNTER-3A46BE6B80AD8A6E,bea_cukai,"Purbaya Ungkap Dampak MBG di Jateng, Ciptakan 193 Ribu Lowongan Kerja",AI_HUNTER_RSS,source_candidate,"Menteri Keuangan Purbaya Yudhi Sadewa mengungkapkan program Makan Bergizi Gratis di Jateng telah menjangkau 9,16 juta penerima manfaat hingga 2026. https://www.cnbcindonesia.com/news/20260703172118-4-747928/purbaya-ungkap-dampak-mbg-di-jateng-ciptakan-193-ribu-lowongan-kerja",LOW,DRAFT_REVIEW_NEEDS_EVIDENCE,MR-AI-CCEF230C88DA2AEC,https://www.cnbcindonesia.com/news/20260703172118-4-747928/purbaya-ungkap-dampak-mbg-di-jateng-ciptakan-193-ribu-lowongan-kerja,CURRENT_PERIOD_SEARCH,67,AI_AUDIT_AND_MAP_TO_FINAL_MODULE
2026,HUNTER-85DDAE60EC9397F4,bumn,"Purbaya Ungkap Dampak MBG di Jateng, Ciptakan 193 Ribu Lowongan Kerja",AI_HUNTER_RSS,source_candidate,"Menteri Keuangan Purbaya Yudhi Sadewa mengungkapkan program Makan Bergizi Gratis di Jateng telah menjangkau 9,16 juta penerima manfaat hingga 2026. https://www.cnbcindonesia.com/news/20260703172118-4-747928/purbaya-ungkap-dampak-mbg-di-jateng-ciptakan-193-ribu-lowongan-kerja",LOW,DRAFT_REVIEW_NEEDS_EVIDENCE,MR-AI-E25E873DC85C2A53,https://www.cnbcindonesia.com/news/20260703172118-4-747928/purbaya-ungkap-dampak-mbg-di-jateng-ciptakan-193-ribu-lowongan-kerja,CURRENT_PERIOD_SEARCH,67,AI_AUDIT_AND_MAP_TO_FINAL_MODULE
2026,HUNTER-9327454D1C053127,korupsi,"Purbaya Ungkap Dampak MBG di Jateng, Ciptakan 193 Ribu Lowongan Kerja",AI_HUNTER_RSS,source_candidate,"Menteri Keuangan Purbaya Yudhi Sadewa mengungkapkan program Makan Bergizi Gratis di Jateng telah menjangkau 9,16 juta penerima manfaat hingga 2026. https://www.cnbcindonesia.com/news/20260703172118-4-747928/purbaya-ungkap-dampak-mbg-di-jateng-ciptakan-193-ribu-lowongan-kerja",LOW,DRAFT_REVIEW_NEEDS_EVIDENCE,MR-AI-0C3E297467A7D680,https://www.cnbcindonesia.com/news/20260703172118-4-747928/purbaya-ungkap-dampak-mbg-di-jateng-ciptakan-193-ribu-lowongan-kerja,CURRENT_PERIOD_SEARCH,67,AI_AUDIT_AND_MAP_TO_FINAL_MODULE
2026,HUNTER-24FF7F51966FAEE8,pajak,"Purbaya Ungkap Dampak MBG di Jateng, Ciptakan 193 Ribu Lowongan Kerja",AI_HUNTER_RSS,source_candidate,"Menteri Keuangan Purbaya Yudhi Sadewa mengungkapkan program Makan Bergizi Gratis di Jateng telah menjangkau 9,16 juta penerima manfaat hingga 2026. https://www.cnbcindonesia.com/news/20260703172118-4-747928/purbaya-ungkap-dampak-mbg-di-jateng-ciptakan-193-ribu-lowongan-kerja",LOW,DRAFT_REVIEW_NEEDS_EVIDENCE,MR-AI-05BF2F056A2F82D9,https://www.cnbcindonesia.com/news/20260703172118-4-747928/purbaya-ungkap-dampak-mbg-di-jateng-ciptakan-193-ribu-lowongan-kerja,CURRENT_PERIOD_SEARCH,67,AI_AUDIT_AND_MAP_TO_FINAL_MODULE
2026,HUNTER-AC68A19E3F351D00,parpol,"Purbaya Ungkap Dampak MBG di Jateng, Ciptakan 193 Ribu Lowongan Kerja",AI_HUNTER_RSS,source_candidate,"Menteri Keuangan Purbaya Yudhi Sadewa mengungkapkan program Makan Bergizi Gratis di Jateng telah menjangkau 9,16 juta penerima manfaat hingga 2026. https://www.cnbcindonesia.com/news/20260703172118-4-747928/purbaya-ungkap-dampak-mbg-di-jateng-ciptakan-193-ribu-lowongan-kerja",LOW,DRAFT_REVIEW_NEEDS_EVIDENCE,MR-AI-876F47FEA6CEBD84,https://www.cnbcindonesia.com/news/20260703172118-4-747928/purbaya-ungkap-dampak-mbg-di-jateng-ciptakan-193-ribu-lowongan-kerja,CURRENT_PERIOD_SEARCH,67,AI_AUDIT_AND_MAP_TO_FINAL_MODULE
2026,HUNTER-E0180FFA49589A94,prog_daerah,"Purbaya Ungkap Dampak MBG di Jateng, Ciptakan 193 Ribu Lowongan Kerja",AI_HUNTER_RSS,source_candidate,"Menteri Keuangan Purbaya Yudhi Sadewa mengungkapkan program Makan Bergizi Gratis di Jateng telah menjangkau 9,16 juta penerima manfaat hingga 2026. https://www.cnbcindonesia.com/news/20260703172118-4-747928/purbaya-ungkap-dampak-mbg-di-jateng-ciptakan-193-ribu-lowongan-kerja",LOW,DRAFT_REVIEW_NEEDS_EVIDENCE,MR-AI-3F66B768A03AF772,https://www.cnbcindonesia.com/news/20260703172118-4-747928/purbaya-ungkap-dampak-mbg-di-jateng-ciptakan-193-ribu-lowongan-kerja,CURRENT_PERIOD_SEARCH,67,AI_AUDIT_AND_MAP_TO_FINAL_MODULE
2026,HUNTER-45F8D05B766EC56B,prog_eksekutif,"Purbaya Ungkap Dampak MBG di Jateng, Ciptakan 193 Ribu Lowongan Kerja",AI_HUNTER_RSS,source_candidate,"Menteri Keuangan Purbaya Yudhi Sadewa mengungkapkan program Makan Bergizi Gratis di Jateng telah menjangkau 9,16 juta penerima manfaat hingga 2026. https://www.cnbcindonesia.com/news/20260703172118-4-747928/purbaya-ungkap-dampak-mbg-di-jateng-ciptakan-193-ribu-lowongan-kerja",LOW,DRAFT_REVIEW_NEEDS_EVIDENCE,MR-AI-3FC89DCE2538220C,https://www.cnbcindonesia.com/news/20260703172118-4-747928/purbaya-ungkap-dampak-mbg-di-jateng-ciptakan-193-ribu-lowongan-kerja,CURRENT_PERIOD_SEARCH,67,AI_AUDIT_AND_MAP_TO_FINAL_MODULE
2026,HUNTER-A44D6F0A0F30812B,prog_legislatif,"Purbaya Ungkap Dampak MBG di Jateng, Ciptakan 193 Ribu Lowongan Kerja",AI_HUNTER_RSS,source_candidate,"Menteri Keuangan Purbaya Yudhi Sadewa mengungkapkan program Makan Bergizi Gratis di Jateng telah menjangkau 9,16 juta penerima manfaat hingga 2026. https://www.cnbcindonesia.com/news/20260703172118-4-747928/purbaya-ungkap-dampak-mbg-di-jateng-ciptakan-193-ribu-lowongan-kerja",LOW,DRAFT_REVIEW_NEEDS_EVIDENCE,MR-AI-C9F4F4294C1010CA,https://www.cnbcindonesia.com/news/20260703172118-4-747928/purbaya-ungkap-dampak-mbg-di-jateng-ciptakan-193-ribu-lowongan-kerja,CURRENT_PERIOD_SEARCH,67,AI_AUDIT_AND_MAP_TO_FINAL_MODULE
2026,HUNTER-9C0661B8E3887B86,redflag,"Purbaya Ungkap Dampak MBG di Jateng, Ciptakan 193 Ribu Lowongan Kerja",AI_HUNTER_RSS,source_candidate,"Menteri Keuangan Purbaya Yudhi Sadewa mengungkapkan program Makan Bergizi Gratis di Jateng telah menjangkau 9,16 juta penerima manfaat hingga 2026. https://www.cnbcindonesia.com/news/20260703172118-4-747928/purbaya-ungkap-dampak-mbg-di-jateng-ciptakan-193-ribu-lowongan-kerja",LOW,DRAFT_REVIEW_NEEDS_EVIDENCE,MR-AI-997EB8150DD7E0AF,https://www.cnbcindonesia.com/news/20260703172118-4-747928/purbaya-ungkap-dampak-mbg-di-jateng-ciptakan-193-ribu-lowongan-kerja,CURRENT_PERIOD_SEARCH,67,AI_AUDIT_AND_MAP_TO_FINAL_MODULE
2026,HUNTER-0E398A4F38E49A05,risknas,"Purbaya Ungkap Dampak MBG di Jateng, Ciptakan 193 Ribu Lowongan Kerja",AI_HUNTER_RSS,source_candidate,"Menteri Keuangan Purbaya Yudhi Sadewa mengungkapkan program Makan Bergizi Gratis di Jateng telah menjangkau 9,16 juta penerima manfaat hingga 2026. https://www.cnbcindonesia.com/news/20260703172118-4-747928/purbaya-ungkap-dampak-mbg-di-jateng-ciptakan-193-ribu-lowongan-kerja",LOW,DRAFT_REVIEW_NEEDS_EVIDENCE,MR-AI-10F3864E0BA421E6,https://www.cnbcindonesia.com/news/20260703172118-4-747928/purbaya-ungkap-dampak-mbg-di-jateng-ciptakan-193-ribu-lowongan-kerja,CURRENT_PERIOD_SEARCH,67,AI_AUDIT_AND_MAP_TO_FINAL_MODULE
2026,HUNTER-A90DA032E1B01FCC,sda,"Purbaya Ungkap Dampak MBG di Jateng, Ciptakan 193 Ribu Lowongan Kerja",AI_HUNTER_RSS,source_candidate,"Menteri Keuangan Purbaya Yudhi Sadewa mengungkapkan program Makan Bergizi Gratis di Jateng telah menjangkau 9,16 juta penerima manfaat hingga 2026. https://www.cnbcindonesia.com/news/20260703172118-4-747928/purbaya-ungkap-dampak-mbg-di-jateng-ciptakan-193-ribu-lowongan-kerja",LOW,DRAFT_REVIEW_NEEDS_EVIDENCE,MR-AI-13F33EA9EC2F2C66,https://www.cnbcindonesia.com/news/20260703172118-4-747928/purbaya-ungkap-dampak-mbg-di-jateng-ciptakan-193-ribu-lowongan-kerja,CURRENT_PERIOD_SEARCH,67,AI_AUDIT_AND_MAP_TO_FINAL_MODULE
2026,HUNTER-0A6AA7351C7B6374,vendor,"Purbaya Ungkap Dampak MBG di Jateng, Ciptakan 193 Ribu Lowongan Kerja",AI_HUNTER_RSS,source_candidate,"Menteri Keuangan Purbaya Yudhi Sadewa mengungkapkan program Makan Bergizi Gratis di Jateng telah menjangkau 9,16 juta penerima manfaat hingga 2026. https://www.cnbcindonesia.com/news/20260703172118-4-747928/purbaya-ungkap-dampak-mbg-di-jateng-ciptakan-193-ribu-lowongan-kerja",LOW,DRAFT_REVIEW_NEEDS_EVIDENCE,MR-AI-EC3DF95281FBA87F,https://www.cnbcindonesia.com/news/20260703172118-4-747928/purbaya-ungkap-dampak-mbg-di-jateng-ciptakan-193-ribu-lowongan-kerja,CURRENT_PERIOD_SEARCH,67,AI_AUDIT_AND_MAP_TO_FINAL_MODULE
2026,HUNTER-86B5EF14A24676B4,prog_legislatif,Keluarga Dokter Icha Laporkan Tiga Anggota DPRD TTU ke Polda NTT,AI_HUNTER_RSS,source_candidate,Keluarga Dokter Icha laporkan tiga anggota DPRD TTU ke Polda NTT terkait dugaan intimidasi. Kasus ini menarik perhatian publik dan dibentuk tim investiga https://www.cnnindonesia.com/nasional/20260703111631-12-1376378/keluarga-dokter-icha-laporkan-tiga-anggota-dprd-ttu-ke-polda-ntt,LOW,DRAFT_REVIEW_NEEDS_EVIDENCE,MR-AI-1AF37BC66A9ABB2B,https://www.cnnindonesia.com/nasional/20260703111631-12-1376378/keluarga-dokter-icha-laporkan-tiga-anggota-dprd-ttu-ke-polda-ntt,CURRENT_PERIOD_SEARCH,68,AI_AUDIT_AND_MAP_TO_FINAL_MODULE
2026,HUNTER-FE92D80ECF800FE7,korupsi,Penjelasan KPK soal Sita Aset-aset Japto Ketum PP Diduga Hasil Korupsi,AI_HUNTER_RSS,source_candidate,KPK menyita aset milik Japto Soerjosoemarno terkait dugaan korupsi mantan Bupati Kutai Kartanegara. Aset yang disita uang senilai Rp56 miliar hingga 11 mobil. https://www.cnnindonesia.com/nasional/20260703092812-12-1376335/penjelasan-kpk-soal-sita-aset-aset-japto-ketum-pp-diduga-hasil-korupsi,MEDIUM,DRAFT_REVIEW_NEEDS_EVIDENCE,MR-AI-6BFF445F8C65987E,https://www.cnnindonesia.com/nasional/20260703092812-12-1376335/penjelasan-kpk-soal-sita-aset-aset-japto-ketum-pp-diduga-hasil-korupsi,CURRENT_PERIOD_SEARCH,78,AI_AUDIT_AND_MAP_TO_FINAL_MODULE
2026,HUNTER-14F5AA951EF54917,prog_legislatif,DPRD Beri Lampu Hijau Perubahan Nama Jawa Barat Jadi Tatar Sunda,AI_HUNTER_RSS,source_candidate,DPRD Jabar setujui usulan pergantian nama provinsi menjadi Tatar Sunda. Langkah ini bertujuan menjaga identitas lokal dan mendapatkan dukungan penuh fraksi. https://www.cnnindonesia.com/nasional/20260702194838-32-1376225/dprd-beri-lampu-hijau-perubahan-nama-jawa-barat-jadi-tatar-sunda,LOW,DRAFT_REVIEW_NEEDS_EVIDENCE,MR-AI-B5AD86B3E1C3C17F,https://www.cnnindonesia.com/nasional/20260702194838-32-1376225/dprd-beri-lampu-hijau-perubahan-nama-jawa-barat-jadi-tatar-sunda,CURRENT_PERIOD_SEARCH,68,AI_AUDIT_AND_MAP_TO_FINAL_MODULE
2026,HUNTER-C679ECA7A0EC1C1F,vendor,"Lewat Program Perluasan Pasar, Eximbank Genjot Ekspor UKM ke Kanada",AI_HUNTER_RSS,source_candidate,"Program Perluasan Akses Pasar LPEI dan Kementerian Perdagangan sukses membuka pasar Kanada untuk 7 UKM Indonesia, dengan kontrak ekspor mencapai USD190.000. https://www.cnbcindonesia.com/news/20260703100022-4-747740/lewat-program-perluasan-pasar-eximbank-genjot-ekspor-ukm-ke-kanada",LOW,DRAFT_REVIEW_NEEDS_EVIDENCE,MR-AI-2BD33A873E3F0D9E,https://www.cnbcindonesia.com/news/20260703100022-4-747740/lewat-program-perluasan-pasar-eximbank-genjot-ekspor-ukm-ke-kanada,CURRENT_PERIOD_SEARCH,63,AI_AUDIT_AND_MAP_TO_FINAL_MODULE
2026,HUNTER-6E46284EFEE29A16,pajak,"DPR Ungkap Rencana Besar PFII: Pajak 0%, Pakai Sistem Common Law!",AI_HUNTER_RSS,source_candidate,DPR mengungkap keunggulan Pusat Finansial Internasional Indonesia yang dirancang untuk menarik investasi global dan meningkatkan daya saing sektor keuangan. https://www.cnbcindonesia.com/news/20260703085426-4-747727/dpr-ungkap-rencana-besar-pfii-pajak-0-pakai-sistem-common-law,LOW,DRAFT_REVIEW_NEEDS_EVIDENCE,MR-AI-3120BE9BB5D63A42,https://www.cnbcindonesia.com/news/20260703085426-4-747727/dpr-ungkap-rencana-besar-pfii-pajak-0-pakai-sistem-common-law,CURRENT_PERIOD_SEARCH,63,AI_AUDIT_AND_MAP_TO_FINAL_MODULE
2026,HUNTER-073343B68B287731,prog_legislatif,"DPR Ungkap Rencana Besar PFII: Pajak 0%, Pakai Sistem Common Law!",AI_HUNTER_RSS,source_candidate,DPR mengungkap keunggulan Pusat Finansial Internasional Indonesia yang dirancang untuk menarik investasi global dan meningkatkan daya saing sektor keuangan. https://www.cnbcindonesia.com/news/20260703085426-4-747727/dpr-ungkap-rencana-besar-pfii-pajak-0-pakai-sistem-common-law,LOW,DRAFT_REVIEW_NEEDS_EVIDENCE,MR-AI-8ADC1BE0A16FD7E4,https://www.cnbcindonesia.com/news/20260703085426-4-747727/dpr-ungkap-rencana-besar-pfii-pajak-0-pakai-sistem-common-law,CURRENT_PERIOD_SEARCH,63,AI_AUDIT_AND_MAP_TO_FINAL_MODULE
2026,HUNTER-8987C64B3360A7B9,prog_legislatif,"Neraca Dagang Defisit dan PMI Jatuh, DPR Minta Pemerintah Waspada",AI_HUNTER_RSS,source_candidate,"Komisi XI DPR RI mengingatkan tentang kondisi ekonomi Indonesia pada Juni 2026, dengan inflasi naik, PMI manufaktur turun, dan defisit neraca perdagangan. https://www.cnbcindonesia.com/news/20260703084545-4-747720/neraca-dagang-defisit-pmi-jatuh-dpr-minta-pemerintah-waspada",MEDIUM,DRAFT_REVIEW_NEEDS_EVIDENCE,MR-AI-7DE8D219B2728329,https://www.cnbcindonesia.com/news/20260703084545-4-747720/neraca-dagang-defisit-pmi-jatuh-dpr-minta-pemerintah-waspada,CURRENT_PERIOD_SEARCH,72,AI_AUDIT_AND_MAP_TO_FINAL_MODULE
2026,HUNTER-353AE708D6AAE973,prog_legislatif,DPRD Kota Bandung Minta Penataan PKL dan UMKM Utamakan Kepastian Usaha,AI_HUNTER_RSS,source_candidate,"Radea Respati nilai penataan kota perlu strategi relokasi PKL dan UMKM yang komprehensif, dorong informasi lokasi baru untuk keberlangsungan usaha. https://www.cnnindonesia.com/nasional/20260625134538-25-1373184/dprd-kota-bandung-minta-penataan-pkl-dan-umkm-utamakan-kepastian-usaha",LOW,DRAFT_REVIEW_NEEDS_EVIDENCE,MR-AI-E32D6F69727BF854,https://www.cnnindonesia.com/nasional/20260625134538-25-1373184/dprd-kota-bandung-minta-penataan-pkl-dan-umkm-utamakan-kepastian-usaha,CURRENT_PERIOD_SEARCH,68,AI_AUDIT_AND_MAP_TO_FINAL_MODULE
2026,HUNTER-E064DD44914DE540,korupsi,Richard Muljadi Terancam 8 Tahun Bui Kasus Penipuan Batu Bara Rp7 M,AI_HUNTER_RSS,source_candidate,"Kejaksaan Agung menangkap buronan penipuan bisnis batu bara, Richard Arief Muljadi, di Bandara Soekarno Hatta. Ia didakwa merugikan Rp7 miliar. https://www.cnnindonesia.com/nasional/20260622071005-12-1371646/richard-muljadi-terancam-8-tahun-bui-kasus-penipuan-batu-bara-rp7-m",LOW,DRAFT_REVIEW_NEEDS_EVIDENCE,MR-AI-C33DC5936ECE209D,https://www.cnnindonesia.com/nasional/20260622071005-12-1371646/richard-muljadi-terancam-8-tahun-bui-kasus-penipuan-batu-bara-rp7-m,CURRENT_PERIOD_SEARCH,63,AI_AUDIT_AND_MAP_TO_FINAL_MODULE
2026,HUNTER-E6692D14E58D4154,korupsi,Siapa Buron Kasus Batu Bara yang Ditangkap Kejagung?,AI_HUNTER_RSS,source_candidate,"Tim SIRI dan Kejaksaan menangkap Richard Arief Muljadi, buronan penipuan batu bara, di Bandara Soekarno Hatta. Ia didakwa kerugian Rp7 miliar. https://www.cnnindonesia.com/nasional/20260621211701-12-1371580/siapa-buron-kasus-batu-bara-yang-ditangkap-kejagung",LOW,DRAFT_REVIEW_NEEDS_EVIDENCE,MR-AI-9CC3B650AD093447,https://www.cnnindonesia.com/nasional/20260621211701-12-1371580/siapa-buron-kasus-batu-bara-yang-ditangkap-kejagung,CURRENT_PERIOD_SEARCH,63,AI_AUDIT_AND_MAP_TO_FINAL_MODULE
2026,HUNTER-031AEB3308980465,prog_legislatif,"Layer Baru Cukai Rokok Belum Diberlakukan, Ini Masukan DPR ke Purbaya",AI_HUNTER_RSS,source_candidate,Menteri Keuangan Purbaya Yudhi Sadewa belum menjelaskan penerapan layer cukai rokok baru ke Komisi XI DPR https://www.cnbcindonesia.com/news/20260622054924-4-744437/layer-baru-cukai-rokok-belum-diberlakukan-ini-masukan-dpr-ke-purbaya,LOW,DRAFT_REVIEW_NEEDS_EVIDENCE,MR-AI-FECDCF3FB9FDCC8B,https://www.cnbcindonesia.com/news/20260622054924-4-744437/layer-baru-cukai-rokok-belum-diberlakukan-ini-masukan-dpr-ke-purbaya,CURRENT_PERIOD_SEARCH,63,AI_AUDIT_AND_MAP_TO_FINAL_MODULE
2026,HUNTER-F2CA073D318D8CB5,akuntansi,Pemda DIY Targetkan Kawasan Malioboro Full Pedestrian Pada November,AI_HUNTER_RSS,source_candidate,Pemda DIY menargetkan kawasan Malioboro berkonsep full pedestrian di November 2026. Portal-portal pada ruas jalan mulai dipasang. https://www.cnnindonesia.com/nasional/20260705173651-20-1377143/pemda-diy-targetkan-kawasan-malioboro-full-pedestrian-pada-november,MEDIUM,DRAFT_REVIEW_NEEDS_EVIDENCE,MR-AI-6FF97EBE9D8503EB,https://www.cnnindonesia.com/nasional/20260705173651-20-1377143/pemda-diy-targetkan-kawasan-malioboro-full-pedestrian-pada-november,CURRENT_PERIOD_SEARCH,72,AI_AUDIT_AND_MAP_TO_FINAL_MODULE
2026,HUNTER-ABEA6267BB3DB433,prog_daerah,Pemda DIY Targetkan Kawasan Malioboro Full Pedestrian Pada November,AI_HUNTER_RSS,source_candidate,Pemda DIY menargetkan kawasan Malioboro berkonsep full pedestrian di November 2026. Portal-portal pada ruas jalan mulai dipasang. https://www.cnnindonesia.com/nasional/20260705173651-20-1377143/pemda-diy-targetkan-kawasan-malioboro-full-pedestrian-pada-november,MEDIUM,DRAFT_REVIEW_NEEDS_EVIDENCE,MR-AI-F5731D8D7C051AF5,https://www.cnnindonesia.com/nasional/20260705173651-20-1377143/pemda-diy-targetkan-kawasan-malioboro-full-pedestrian-pada-november,CURRENT_PERIOD_SEARCH,72,AI_AUDIT_AND_MAP_TO_FINAL_MODULE
2026,HUNTER-B8C925918F6909BA,vendor,"Muka Dua ala Eropa, Teriak Genosida Gaza, tapi Guyur Rp56 T ke Israel",AI_HUNTER_RSS,source_candidate,Lembaga publik Uni Eropa terus jalin kontrak miliaran euro dengan perusahaan Israel meski ada tuduhan pelanggaran hukum. https://www.cnbcindonesia.com/news/20260702172035-4-747626/muka-dua-ala-eropa-teriak-genosida-gaza-tapi-guyur-rp56-t-ke-israel,LOW,DRAFT_REVIEW_NEEDS_EVIDENCE,MR-AI-CD2DDDAC483AB605,https://www.cnbcindonesia.com/news/20260702172035-4-747626/muka-dua-ala-eropa-teriak-genosida-gaza-tapi-guyur-rp56-t-ke-israel,CURRENT_PERIOD_SEARCH,63,AI_AUDIT_AND_MAP_TO_FINAL_MODULE
2026,HUNTER-9E6AF10090E218CF,akuntansi,"Penampakan PRJ Padat Manusia, Jastiper Borong Barang Sampai Kewalahan",AI_HUNTER_RSS,source_candidate,"Jakarta Fair 2026 makin dipadati pengunjung. Warga memborong belanjaan, jastiper berburu pesanan, hingga membawa koper untuk mengangkut barang. https://www.cnbcindonesia.com/news/20260704202842-7-748084/penampakan-prj-padat-manusia-jastiper-borong-barang-sampai-kewalahan",MEDIUM,DRAFT_REVIEW_NEEDS_EVIDENCE,MR-AI-E75A8CDED1FF6052,https://www.cnbcindonesia.com/news/20260704202842-7-748084/penampakan-prj-padat-manusia-jastiper-borong-barang-sampai-kewalahan,CURRENT_PERIOD_SEARCH,72,AI_AUDIT_AND_MAP_TO_FINAL_MODULE
2026,HUNTER-525F67F66937376B,akuntansi,Lautan Manusia! Ribuan Pengunjung Padat Sesak di Jakarta Fair PRJ 2026,AI_HUNTER_RSS,source_candidate,Pramono menargetkan Jakarta Fair 2026 mampu menarik lebih dari 6 juta pengunjung dengan nilai transaksi melampaui Rp8 triliun. https://www.cnbcindonesia.com/news/20260704185709-7-748062/lautan-manusia-ribuan-pengunjung-padat-sesak-di-jakarta-fair-prj-2026,LOW,DRAFT_REVIEW_NEEDS_EVIDENCE,MR-AI-6D4D81493772068D,https://www.cnbcindonesia.com/news/20260704185709-7-748062/lautan-manusia-ribuan-pengunjung-padat-sesak-di-jakarta-fair-prj-2026,CURRENT_PERIOD_SEARCH,67,AI_AUDIT_AND_MAP_TO_FINAL_MODULE
2026,HUNTER-CDBF3C84B3637CD0,audit,Lautan Manusia! Ribuan Pengunjung Padat Sesak di Jakarta Fair PRJ 2026,AI_HUNTER_RSS,source_candidate,Pramono menargetkan Jakarta Fair 2026 mampu menarik lebih dari 6 juta pengunjung dengan nilai transaksi melampaui Rp8 triliun. https://www.cnbcindonesia.com/news/20260704185709-7-748062/lautan-manusia-ribuan-pengunjung-padat-sesak-di-jakarta-fair-prj-2026,LOW,DRAFT_REVIEW_NEEDS_EVIDENCE,MR-AI-CC75B8854C1D1D8D,https://www.cnbcindonesia.com/news/20260704185709-7-748062/lautan-manusia-ribuan-pengunjung-padat-sesak-di-jakarta-fair-prj-2026,CURRENT_PERIOD_SEARCH,67,AI_AUDIT_AND_MAP_TO_FINAL_MODULE
2026,HUNTER-B5F0E52CF97BBD9F,audittrail,Lautan Manusia! Ribuan Pengunjung Padat Sesak di Jakarta Fair PRJ 2026,AI_HUNTER_RSS,source_candidate,Pramono menargetkan Jakarta Fair 2026 mampu menarik lebih dari 6 juta pengunjung dengan nilai transaksi melampaui Rp8 triliun. https://www.cnbcindonesia.com/news/20260704185709-7-748062/lautan-manusia-ribuan-pengunjung-padat-sesak-di-jakarta-fair-prj-2026,LOW,DRAFT_REVIEW_NEEDS_EVIDENCE,MR-AI-EA24141E0BF2FBF2,https://www.cnbcindonesia.com/news/20260704185709-7-748062/lautan-manusia-ribuan-pengunjung-padat-sesak-di-jakarta-fair-prj-2026,CURRENT_PERIOD_SEARCH,67,AI_AUDIT_AND_MAP_TO_FINAL_MODULE
2026,HUNTER-1BC09F56C1CCBDED,bea_cukai,Lautan Manusia! Ribuan Pengunjung Padat Sesak di Jakarta Fair PRJ 2026,AI_HUNTER_RSS,source_candidate,Pramono menargetkan Jakarta Fair 2026 mampu menarik lebih dari 6 juta pengunjung dengan nilai transaksi melampaui Rp8 triliun. https://www.cnbcindonesia.com/news/20260704185709-7-748062/lautan-manusia-ribuan-pengunjung-padat-sesak-di-jakarta-fair-prj-2026,LOW,DRAFT_REVIEW_NEEDS_EVIDENCE,MR-AI-CBAEF5608BA2D7E9,https://www.cnbcindonesia.com/news/20260704185709-7-748062/lautan-manusia-ribuan-pengunjung-padat-sesak-di-jakarta-fair-prj-2026,CURRENT_PERIOD_SEARCH,67,AI_AUDIT_AND_MAP_TO_FINAL_MODULE
2026,HUNTER-D34C363D771A7DEB,bumn,Lautan Manusia! Ribuan Pengunjung Padat Sesak di Jakarta Fair PRJ 2026,AI_HUNTER_RSS,source_candidate,Pramono menargetkan Jakarta Fair 2026 mampu menarik lebih dari 6 juta pengunjung dengan nilai transaksi melampaui Rp8 triliun. https://www.cnbcindonesia.com/news/20260704185709-7-748062/lautan-manusia-ribuan-pengunjung-padat-sesak-di-jakarta-fair-prj-2026,LOW,DRAFT_REVIEW_NEEDS_EVIDENCE,MR-AI-C10B4C1258E10CAA,https://www.cnbcindonesia.com/news/20260704185709-7-748062/lautan-manusia-ribuan-pengunjung-padat-sesak-di-jakarta-fair-prj-2026,CURRENT_PERIOD_SEARCH,67,AI_AUDIT_AND_MAP_TO_FINAL_MODULE
2026,HUNTER-3DB0046F8FF4A33A,pajak,Lautan Manusia! Ribuan Pengunjung Padat Sesak di Jakarta Fair PRJ 2026,AI_HUNTER_RSS,source_candidate,Pramono menargetkan Jakarta Fair 2026 mampu menarik lebih dari 6 juta pengunjung dengan nilai transaksi melampaui Rp8 triliun. https://www.cnbcindonesia.com/news/20260704185709-7-748062/lautan-manusia-ribuan-pengunjung-padat-sesak-di-jakarta-fair-prj-2026,LOW,DRAFT_REVIEW_NEEDS_EVIDENCE,MR-AI-23632C777C39BDCE,https://www.cnbcindonesia.com/news/20260704185709-7-748062/lautan-manusia-ribuan-pengunjung-padat-sesak-di-jakarta-fair-prj-2026,CURRENT_PERIOD_SEARCH,67,AI_AUDIT_AND_MAP_TO_FINAL_MODULE
2026,HUNTER-A89F86FF282F336D,parpol,Lautan Manusia! Ribuan Pengunjung Padat Sesak di Jakarta Fair PRJ 2026,AI_HUNTER_RSS,source_candidate,Pramono menargetkan Jakarta Fair 2026 mampu menarik lebih dari 6 juta pengunjung dengan nilai transaksi melampaui Rp8 triliun. https://www.cnbcindonesia.com/news/20260704185709-7-748062/lautan-manusia-ribuan-pengunjung-padat-sesak-di-jakarta-fair-prj-2026,LOW,DRAFT_REVIEW_NEEDS_EVIDENCE,MR-AI-6459C470DE701D5F,https://www.cnbcindonesia.com/news/20260704185709-7-748062/lautan-manusia-ribuan-pengunjung-padat-sesak-di-jakarta-fair-prj-2026,CURRENT_PERIOD_SEARCH,67,AI_AUDIT_AND_MAP_TO_FINAL_MODULE
2026,HUNTER-D9F8AD4BFE4A72C5,prog_daerah,Lautan Manusia! Ribuan Pengunjung Padat Sesak di Jakarta Fair PRJ 2026,AI_HUNTER_RSS,source_candidate,Pramono menargetkan Jakarta Fair 2026 mampu menarik lebih dari 6 juta pengunjung dengan nilai transaksi melampaui Rp8 triliun. https://www.cnbcindonesia.com/news/20260704185709-7-748062/lautan-manusia-ribuan-pengunjung-padat-sesak-di-jakarta-fair-prj-2026,LOW,DRAFT_REVIEW_NEEDS_EVIDENCE,MR-AI-E7F4614D7530AD2C,https://www.cnbcindonesia.com/news/20260704185709-7-748062/lautan-manusia-ribuan-pengunjung-padat-sesak-di-jakarta-fair-prj-2026,CURRENT_PERIOD_SEARCH,67,AI_AUDIT_AND_MAP_TO_FINAL_MODULE
2026,HUNTER-7511A1220B863C2A,prog_eksekutif,Lautan Manusia! Ribuan Pengunjung Padat Sesak di Jakarta Fair PRJ 2026,AI_HUNTER_RSS,source_candidate,Pramono menargetkan Jakarta Fair 2026 mampu menarik lebih dari 6 juta pengunjung dengan nilai transaksi melampaui Rp8 triliun. https://www.cnbcindonesia.com/news/20260704185709-7-748062/lautan-manusia-ribuan-pengunjung-padat-sesak-di-jakarta-fair-prj-2026,LOW,DRAFT_REVIEW_NEEDS_EVIDENCE,MR-AI-F4734FF613E2D55D,https://www.cnbcindonesia.com/news/20260704185709-7-748062/lautan-manusia-ribuan-pengunjung-padat-sesak-di-jakarta-fair-prj-2026,CURRENT_PERIOD_SEARCH,67,AI_AUDIT_AND_MAP_TO_FINAL_MODULE
2026,HUNTER-1F97548FD4F18EEE,prog_legislatif,Lautan Manusia! Ribuan Pengunjung Padat Sesak di Jakarta Fair PRJ 2026,AI_HUNTER_RSS,source_candidate,Pramono menargetkan Jakarta Fair 2026 mampu menarik lebih dari 6 juta pengunjung dengan nilai transaksi melampaui Rp8 triliun. https://www.cnbcindonesia.com/news/20260704185709-7-748062/lautan-manusia-ribuan-pengunjung-padat-sesak-di-jakarta-fair-prj-2026,LOW,DRAFT_REVIEW_NEEDS_EVIDENCE,MR-AI-CEA7EEAA860A82FD,https://www.cnbcindonesia.com/news/20260704185709-7-748062/lautan-manusia-ribuan-pengunjung-padat-sesak-di-jakarta-fair-prj-2026,CURRENT_PERIOD_SEARCH,67,AI_AUDIT_AND_MAP_TO_FINAL_MODULE
2026,HUNTER-02270C8F2B2CA3FB,redflag,Lautan Manusia! Ribuan Pengunjung Padat Sesak di Jakarta Fair PRJ 2026,AI_HUNTER_RSS,source_candidate,Pramono menargetkan Jakarta Fair 2026 mampu menarik lebih dari 6 juta pengunjung dengan nilai transaksi melampaui Rp8 triliun. https://www.cnbcindonesia.com/news/20260704185709-7-748062/lautan-manusia-ribuan-pengunjung-padat-sesak-di-jakarta-fair-prj-2026,LOW,DRAFT_REVIEW_NEEDS_EVIDENCE,MR-AI-BA40D5DD996628E9,https://www.cnbcindonesia.com/news/20260704185709-7-748062/lautan-manusia-ribuan-pengunjung-padat-sesak-di-jakarta-fair-prj-2026,CURRENT_PERIOD_SEARCH,67,AI_AUDIT_AND_MAP_TO_FINAL_MODULE
2026,HUNTER-BBB76E96F2654B74,risknas,Lautan Manusia! Ribuan Pengunjung Padat Sesak di Jakarta Fair PRJ 2026,AI_HUNTER_RSS,source_candidate,Pramono menargetkan Jakarta Fair 2026 mampu menarik lebih dari 6 juta pengunjung dengan nilai transaksi melampaui Rp8 triliun. https://www.cnbcindonesia.com/news/20260704185709-7-748062/lautan-manusia-ribuan-pengunjung-padat-sesak-di-jakarta-fair-prj-2026,LOW,DRAFT_REVIEW_NEEDS_EVIDENCE,MR-AI-07DF439C42A98EFD,https://www.cnbcindonesia.com/news/20260704185709-7-748062/lautan-manusia-ribuan-pengunjung-padat-sesak-di-jakarta-fair-prj-2026,CURRENT_PERIOD_SEARCH,67,AI_AUDIT_AND_MAP_TO_FINAL_MODULE
2026,HUNTER-9C6272B74ECB6F1B,sda,Lautan Manusia! Ribuan Pengunjung Padat Sesak di Jakarta Fair PRJ 2026,AI_HUNTER_RSS,source_candidate,Pramono menargetkan Jakarta Fair 2026 mampu menarik lebih dari 6 juta pengunjung dengan nilai transaksi melampaui Rp8 triliun. https://www.cnbcindonesia.com/news/20260704185709-7-748062/lautan-manusia-ribuan-pengunjung-padat-sesak-di-jakarta-fair-prj-2026,LOW,DRAFT_REVIEW_NEEDS_EVIDENCE,MR-AI-3B7098D50B2DD4A6,https://www.cnbcindonesia.com/news/20260704185709-7-748062/lautan-manusia-ribuan-pengunjung-padat-sesak-di-jakarta-fair-prj-2026,CURRENT_PERIOD_SEARCH,67,AI_AUDIT_AND_MAP_TO_FINAL_MODULE
2026,HUNTER-2CCE916C1237DDE8,vendor,Lautan Manusia! Ribuan Pengunjung Padat Sesak di Jakarta Fair PRJ 2026,AI_HUNTER_RSS,source_candidate,Pramono menargetkan Jakarta Fair 2026 mampu menarik lebih dari 6 juta pengunjung dengan nilai transaksi melampaui Rp8 triliun. https://www.cnbcindonesia.com/news/20260704185709-7-748062/lautan-manusia-ribuan-pengunjung-padat-sesak-di-jakarta-fair-prj-2026,LOW,DRAFT_REVIEW_NEEDS_EVIDENCE,MR-AI-0C99A4406F1177B7,https://www.cnbcindonesia.com/news/20260704185709-7-748062/lautan-manusia-ribuan-pengunjung-padat-sesak-di-jakarta-fair-prj-2026,CURRENT_PERIOD_SEARCH,67,AI_AUDIT_AND_MAP_TO_FINAL_MODULE
2026,HUNTER-7324421F7225A451,akuntansi,"Akhir Pekan Tiba, Waktunya Belanja Murah di Transmart Full Day Sale!",AI_HUNTER_RSS,source_candidate,Manfaatkan Transmart Full Day Sale pada 5 Juli 2026 dengan diskon hingga 50% + 20% untuk kebutuhan sehari-hari dan elektronik. Promo berlaku hingga pukul 22.00! https://www.cnbcindonesia.com/news/20260704141229-4-748035/akhir-pekan-tiba-waktunya-belanja-murah-di-transmart-full-day-sale,LOW,DRAFT_REVIEW_NEEDS_EVIDENCE,MR-AI-BB7DD8E03901E927,https://www.cnbcindonesia.com/news/20260704141229-4-748035/akhir-pekan-tiba-waktunya-belanja-murah-di-transmart-full-day-sale,CURRENT_PERIOD_SEARCH,67,AI_AUDIT_AND_MAP_TO_FINAL_MODULE
2026,HUNTER-E8249F828C5565DC,audit,"Akhir Pekan Tiba, Waktunya Belanja Murah di Transmart Full Day Sale!",AI_HUNTER_RSS,source_candidate,Manfaatkan Transmart Full Day Sale pada 5 Juli 2026 dengan diskon hingga 50% + 20% untuk kebutuhan sehari-hari dan elektronik. Promo berlaku hingga pukul 22.00! https://www.cnbcindonesia.com/news/20260704141229-4-748035/akhir-pekan-tiba-waktunya-belanja-murah-di-transmart-full-day-sale,LOW,DRAFT_REVIEW_NEEDS_EVIDENCE,MR-AI-52D78A434BC67522,https://www.cnbcindonesia.com/news/20260704141229-4-748035/akhir-pekan-tiba-waktunya-belanja-murah-di-transmart-full-day-sale,CURRENT_PERIOD_SEARCH,67,AI_AUDIT_AND_MAP_TO_FINAL_MODULE
2026,HUNTER-C030836B38513CB8,audittrail,"Akhir Pekan Tiba, Waktunya Belanja Murah di Transmart Full Day Sale!",AI_HUNTER_RSS,source_candidate,Manfaatkan Transmart Full Day Sale pada 5 Juli 2026 dengan diskon hingga 50% + 20% untuk kebutuhan sehari-hari dan elektronik. Promo berlaku hingga pukul 22.00! https://www.cnbcindonesia.com/news/20260704141229-4-748035/akhir-pekan-tiba-waktunya-belanja-murah-di-transmart-full-day-sale,LOW,DRAFT_REVIEW_NEEDS_EVIDENCE,MR-AI-777987A9CDAB60B5,https://www.cnbcindonesia.com/news/20260704141229-4-748035/akhir-pekan-tiba-waktunya-belanja-murah-di-transmart-full-day-sale,CURRENT_PERIOD_SEARCH,67,AI_AUDIT_AND_MAP_TO_FINAL_MODULE
2026,HUNTER-8BA5A00BDFD24F75,bea_cukai,"Akhir Pekan Tiba, Waktunya Belanja Murah di Transmart Full Day Sale!",AI_HUNTER_RSS,source_candidate,Manfaatkan Transmart Full Day Sale pada 5 Juli 2026 dengan diskon hingga 50% + 20% untuk kebutuhan sehari-hari dan elektronik. Promo berlaku hingga pukul 22.00! https://www.cnbcindonesia.com/news/20260704141229-4-748035/akhir-pekan-tiba-waktunya-belanja-murah-di-transmart-full-day-sale,LOW,DRAFT_REVIEW_NEEDS_EVIDENCE,MR-AI-68596733EEC6674A,https://www.cnbcindonesia.com/news/20260704141229-4-748035/akhir-pekan-tiba-waktunya-belanja-murah-di-transmart-full-day-sale,CURRENT_PERIOD_SEARCH,67,AI_AUDIT_AND_MAP_TO_FINAL_MODULE
2026,HUNTER-560CE41327A6ACF8,bumn,"Akhir Pekan Tiba, Waktunya Belanja Murah di Transmart Full Day Sale!",AI_HUNTER_RSS,source_candidate,Manfaatkan Transmart Full Day Sale pada 5 Juli 2026 dengan diskon hingga 50% + 20% untuk kebutuhan sehari-hari dan elektronik. Promo berlaku hingga pukul 22.00! https://www.cnbcindonesia.com/news/20260704141229-4-748035/akhir-pekan-tiba-waktunya-belanja-murah-di-transmart-full-day-sale,LOW,DRAFT_REVIEW_NEEDS_EVIDENCE,MR-AI-39BEF1A29CC1563C,https://www.cnbcindonesia.com/news/20260704141229-4-748035/akhir-pekan-tiba-waktunya-belanja-murah-di-transmart-full-day-sale,CURRENT_PERIOD_SEARCH,67,AI_AUDIT_AND_MAP_TO_FINAL_MODULE
2026,HUNTER-2959AF8ACAA947C0,pajak,"Akhir Pekan Tiba, Waktunya Belanja Murah di Transmart Full Day Sale!",AI_HUNTER_RSS,source_candidate,Manfaatkan Transmart Full Day Sale pada 5 Juli 2026 dengan diskon hingga 50% + 20% untuk kebutuhan sehari-hari dan elektronik. Promo berlaku hingga pukul 22.00! https://www.cnbcindonesia.com/news/20260704141229-4-748035/akhir-pekan-tiba-waktunya-belanja-murah-di-transmart-full-day-sale,LOW,DRAFT_REVIEW_NEEDS_EVIDENCE,MR-AI-FA18545D6FFA7B56,https://www.cnbcindonesia.com/news/20260704141229-4-748035/akhir-pekan-tiba-waktunya-belanja-murah-di-transmart-full-day-sale,CURRENT_PERIOD_SEARCH,67,AI_AUDIT_AND_MAP_TO_FINAL_MODULE
2026,HUNTER-C5C77A40B08CD3B1,parpol,"Akhir Pekan Tiba, Waktunya Belanja Murah di Transmart Full Day Sale!",AI_HUNTER_RSS,source_candidate,Manfaatkan Transmart Full Day Sale pada 5 Juli 2026 dengan diskon hingga 50% + 20% untuk kebutuhan sehari-hari dan elektronik. Promo berlaku hingga pukul 22.00! https://www.cnbcindonesia.com/news/20260704141229-4-748035/akhir-pekan-tiba-waktunya-belanja-murah-di-transmart-full-day-sale,LOW,DRAFT_REVIEW_NEEDS_EVIDENCE,MR-AI-7FA7C78A5E40AB21,https://www.cnbcindonesia.com/news/20260704141229-4-748035/akhir-pekan-tiba-waktunya-belanja-murah-di-transmart-full-day-sale,CURRENT_PERIOD_SEARCH,67,AI_AUDIT_AND_MAP_TO_FINAL_MODULE
2026,HUNTER-80246E8CF8B42375,prog_daerah,"Akhir Pekan Tiba, Waktunya Belanja Murah di Transmart Full Day Sale!",AI_HUNTER_RSS,source_candidate,Manfaatkan Transmart Full Day Sale pada 5 Juli 2026 dengan diskon hingga 50% + 20% untuk kebutuhan sehari-hari dan elektronik. Promo berlaku hingga pukul 22.00! https://www.cnbcindonesia.com/news/20260704141229-4-748035/akhir-pekan-tiba-waktunya-belanja-murah-di-transmart-full-day-sale,LOW,DRAFT_REVIEW_NEEDS_EVIDENCE,MR-AI-2FA8C0DDA6D108C2,https://www.cnbcindonesia.com/news/20260704141229-4-748035/akhir-pekan-tiba-waktunya-belanja-murah-di-transmart-full-day-sale,CURRENT_PERIOD_SEARCH,67,AI_AUDIT_AND_MAP_TO_FINAL_MODULE
2026,HUNTER-34E83DDE754A7D74,prog_eksekutif,"Akhir Pekan Tiba, Waktunya Belanja Murah di Transmart Full Day Sale!",AI_HUNTER_RSS,source_candidate,Manfaatkan Transmart Full Day Sale pada 5 Juli 2026 dengan diskon hingga 50% + 20% untuk kebutuhan sehari-hari dan elektronik. Promo berlaku hingga pukul 22.00! https://www.cnbcindonesia.com/news/20260704141229-4-748035/akhir-pekan-tiba-waktunya-belanja-murah-di-transmart-full-day-sale,LOW,DRAFT_REVIEW_NEEDS_EVIDENCE,MR-AI-C8F0C60DA2B517ED,https://www.cnbcindonesia.com/news/20260704141229-4-748035/akhir-pekan-tiba-waktunya-belanja-murah-di-transmart-full-day-sale,CURRENT_PERIOD_SEARCH,67,AI_AUDIT_AND_MAP_TO_FINAL_MODULE
2026,HUNTER-430E22B03BF1BB2F,prog_legislatif,"Akhir Pekan Tiba, Waktunya Belanja Murah di Transmart Full Day Sale!",AI_HUNTER_RSS,source_candidate,Manfaatkan Transmart Full Day Sale pada 5 Juli 2026 dengan diskon hingga 50% + 20% untuk kebutuhan sehari-hari dan elektronik. Promo berlaku hingga pukul 22.00! https://www.cnbcindonesia.com/news/20260704141229-4-748035/akhir-pekan-tiba-waktunya-belanja-murah-di-transmart-full-day-sale,LOW,DRAFT_REVIEW_NEEDS_EVIDENCE,MR-AI-E3CF2E99485384A7,https://www.cnbcindonesia.com/news/20260704141229-4-748035/akhir-pekan-tiba-waktunya-belanja-murah-di-transmart-full-day-sale,CURRENT_PERIOD_SEARCH,67,AI_AUDIT_AND_MAP_TO_FINAL_MODULE
2026,HUNTER-5B38626FFF2F2021,redflag,"Akhir Pekan Tiba, Waktunya Belanja Murah di Transmart Full Day Sale!",AI_HUNTER_RSS,source_candidate,Manfaatkan Transmart Full Day Sale pada 5 Juli 2026 dengan diskon hingga 50% + 20% untuk kebutuhan sehari-hari dan elektronik. Promo berlaku hingga pukul 22.00! https://www.cnbcindonesia.com/news/20260704141229-4-748035/akhir-pekan-tiba-waktunya-belanja-murah-di-transmart-full-day-sale,LOW,DRAFT_REVIEW_NEEDS_EVIDENCE,MR-AI-8DFCD8C56C82A685,https://www.cnbcindonesia.com/news/20260704141229-4-748035/akhir-pekan-tiba-waktunya-belanja-murah-di-transmart-full-day-sale,CURRENT_PERIOD_SEARCH,67,AI_AUDIT_AND_MAP_TO_FINAL_MODULE
2026,HUNTER-A1D23CD5D2CE5159,risknas,"Akhir Pekan Tiba, Waktunya Belanja Murah di Transmart Full Day Sale!",AI_HUNTER_RSS,source_candidate,Manfaatkan Transmart Full Day Sale pada 5 Juli 2026 dengan diskon hingga 50% + 20% untuk kebutuhan sehari-hari dan elektronik. Promo berlaku hingga pukul 22.00! https://www.cnbcindonesia.com/news/20260704141229-4-748035/akhir-pekan-tiba-waktunya-belanja-murah-di-transmart-full-day-sale,LOW,DRAFT_REVIEW_NEEDS_EVIDENCE,MR-AI-6DD80BF4E901714E,https://www.cnbcindonesia.com/news/20260704141229-4-748035/akhir-pekan-tiba-waktunya-belanja-murah-di-transmart-full-day-sale,CURRENT_PERIOD_SEARCH,67,AI_AUDIT_AND_MAP_TO_FINAL_MODULE
2026,HUNTER-9A3C86EB86D26304,sda,"Akhir Pekan Tiba, Waktunya Belanja Murah di Transmart Full Day Sale!",AI_HUNTER_RSS,source_candidate,Manfaatkan Transmart Full Day Sale pada 5 Juli 2026 dengan diskon hingga 50% + 20% untuk kebutuhan sehari-hari dan elektronik. Promo berlaku hingga pukul 22.00! https://www.cnbcindonesia.com/news/20260704141229-4-748035/akhir-pekan-tiba-waktunya-belanja-murah-di-transmart-full-day-sale,LOW,DRAFT_REVIEW_NEEDS_EVIDENCE,MR-AI-2DF8327B5102E35B,https://www.cnbcindonesia.com/news/20260704141229-4-748035/akhir-pekan-tiba-waktunya-belanja-murah-di-transmart-full-day-sale,CURRENT_PERIOD_SEARCH,67,AI_AUDIT_AND_MAP_TO_FINAL_MODULE
2026,HUNTER-47EF461D67031593,vendor,"Akhir Pekan Tiba, Waktunya Belanja Murah di Transmart Full Day Sale!",AI_HUNTER_RSS,source_candidate,Manfaatkan Transmart Full Day Sale pada 5 Juli 2026 dengan diskon hingga 50% + 20% untuk kebutuhan sehari-hari dan elektronik. Promo berlaku hingga pukul 22.00! https://www.cnbcindonesia.com/news/20260704141229-4-748035/akhir-pekan-tiba-waktunya-belanja-murah-di-transmart-full-day-sale,LOW,DRAFT_REVIEW_NEEDS_EVIDENCE,MR-AI-A3CCA4A08F8965C9,https://www.cnbcindonesia.com/news/20260704141229-4-748035/akhir-pekan-tiba-waktunya-belanja-murah-di-transmart-full-day-sale,CURRENT_PERIOD_SEARCH,67,AI_AUDIT_AND_MAP_TO_FINAL_MODULE
2026,HUNTER-0AA59E1F0629D3F9,akuntansi,"Bayar Pajak Kendaraan di PRJ 2026, Bebas Denda dan Dapat Suvenir",AI_HUNTER_RSS,source_candidate,Pemprov DKI Jakarta hapus sanksi administrasi pajak kendaraan hingga 31 Agustus 2026. Bayar pajak di Gerai Samsat PRJ sambil menikmati pameran. https://www.cnbcindonesia.com/news/20260704140237-4-748034/bayar-pajak-kendaraan-di-prj-2026-bebas-denda-dapat-suvenir,LOW,DRAFT_REVIEW_NEEDS_EVIDENCE,MR-AI-7FCDBEFCA4A6FE66,https://www.cnbcindonesia.com/news/20260704140237-4-748034/bayar-pajak-kendaraan-di-prj-2026-bebas-denda-dapat-suvenir,CURRENT_PERIOD_SEARCH,67,AI_AUDIT_AND_MAP_TO_FINAL_MODULE
2026,HUNTER-BFB85B641D7C2875,audit,"Bayar Pajak Kendaraan di PRJ 2026, Bebas Denda dan Dapat Suvenir",AI_HUNTER_RSS,source_candidate,Pemprov DKI Jakarta hapus sanksi administrasi pajak kendaraan hingga 31 Agustus 2026. Bayar pajak di Gerai Samsat PRJ sambil menikmati pameran. https://www.cnbcindonesia.com/news/20260704140237-4-748034/bayar-pajak-kendaraan-di-prj-2026-bebas-denda-dapat-suvenir,LOW,DRAFT_REVIEW_NEEDS_EVIDENCE,MR-AI-9A06AE3F4FE89723,https://www.cnbcindonesia.com/news/20260704140237-4-748034/bayar-pajak-kendaraan-di-prj-2026-bebas-denda-dapat-suvenir,CURRENT_PERIOD_SEARCH,67,AI_AUDIT_AND_MAP_TO_FINAL_MODULE
2026,HUNTER-F3D8C7FF6A7B9031,audittrail,"Bayar Pajak Kendaraan di PRJ 2026, Bebas Denda dan Dapat Suvenir",AI_HUNTER_RSS,source_candidate,Pemprov DKI Jakarta hapus sanksi administrasi pajak kendaraan hingga 31 Agustus 2026. Bayar pajak di Gerai Samsat PRJ sambil menikmati pameran. https://www.cnbcindonesia.com/news/20260704140237-4-748034/bayar-pajak-kendaraan-di-prj-2026-bebas-denda-dapat-suvenir,LOW,DRAFT_REVIEW_NEEDS_EVIDENCE,MR-AI-EF75FE7EE8E36EE6,https://www.cnbcindonesia.com/news/20260704140237-4-748034/bayar-pajak-kendaraan-di-prj-2026-bebas-denda-dapat-suvenir,CURRENT_PERIOD_SEARCH,67,AI_AUDIT_AND_MAP_TO_FINAL_MODULE
2026,HUNTER-069FB9FF8C3C1076,bea_cukai,"Bayar Pajak Kendaraan di PRJ 2026, Bebas Denda dan Dapat Suvenir",AI_HUNTER_RSS,source_candidate,Pemprov DKI Jakarta hapus sanksi administrasi pajak kendaraan hingga 31 Agustus 2026. Bayar pajak di Gerai Samsat PRJ sambil menikmati pameran. https://www.cnbcindonesia.com/news/20260704140237-4-748034/bayar-pajak-kendaraan-di-prj-2026-bebas-denda-dapat-suvenir,LOW,DRAFT_REVIEW_NEEDS_EVIDENCE,MR-AI-887B4ABC8F8843EF,https://www.cnbcindonesia.com/news/20260704140237-4-748034/bayar-pajak-kendaraan-di-prj-2026-bebas-denda-dapat-suvenir,CURRENT_PERIOD_SEARCH,67,AI_AUDIT_AND_MAP_TO_FINAL_MODULE
2026,HUNTER-D5BCF5946E490884,bumn,"Bayar Pajak Kendaraan di PRJ 2026, Bebas Denda dan Dapat Suvenir",AI_HUNTER_RSS,source_candidate,Pemprov DKI Jakarta hapus sanksi administrasi pajak kendaraan hingga 31 Agustus 2026. Bayar pajak di Gerai Samsat PRJ sambil menikmati pameran. https://www.cnbcindonesia.com/news/20260704140237-4-748034/bayar-pajak-kendaraan-di-prj-2026-bebas-denda-dapat-suvenir,LOW,DRAFT_REVIEW_NEEDS_EVIDENCE,MR-AI-906D1538DF52CF58,https://www.cnbcindonesia.com/news/20260704140237-4-748034/bayar-pajak-kendaraan-di-prj-2026-bebas-denda-dapat-suvenir,CURRENT_PERIOD_SEARCH,67,AI_AUDIT_AND_MAP_TO_FINAL_MODULE
2026,HUNTER-BDBF13904CAC7B4D,pajak,"Bayar Pajak Kendaraan di PRJ 2026, Bebas Denda dan Dapat Suvenir",AI_HUNTER_RSS,source_candidate,Pemprov DKI Jakarta hapus sanksi administrasi pajak kendaraan hingga 31 Agustus 2026. Bayar pajak di Gerai Samsat PRJ sambil menikmati pameran. https://www.cnbcindonesia.com/news/20260704140237-4-748034/bayar-pajak-kendaraan-di-prj-2026-bebas-denda-dapat-suvenir,MEDIUM,DRAFT_REVIEW_NEEDS_EVIDENCE,MR-AI-25498D013EC9E15D,https://www.cnbcindonesia.com/news/20260704140237-4-748034/bayar-pajak-kendaraan-di-prj-2026-bebas-denda-dapat-suvenir,CURRENT_PERIOD_SEARCH,82,AI_AUDIT_AND_MAP_TO_FINAL_MODULE
2026,HUNTER-6275D967D31FD0CF,parpol,"Bayar Pajak Kendaraan di PRJ 2026, Bebas Denda dan Dapat Suvenir",AI_HUNTER_RSS,source_candidate,Pemprov DKI Jakarta hapus sanksi administrasi pajak kendaraan hingga 31 Agustus 2026. Bayar pajak di Gerai Samsat PRJ sambil menikmati pameran. https://www.cnbcindonesia.com/news/20260704140237-4-748034/bayar-pajak-kendaraan-di-prj-2026-bebas-denda-dapat-suvenir,LOW,DRAFT_REVIEW_NEEDS_EVIDENCE,MR-AI-9B863F0F10863227,https://www.cnbcindonesia.com/news/20260704140237-4-748034/bayar-pajak-kendaraan-di-prj-2026-bebas-denda-dapat-suvenir,CURRENT_PERIOD_SEARCH,67,AI_AUDIT_AND_MAP_TO_FINAL_MODULE
2026,HUNTER-C43395D0E0FFE2D6,prog_daerah,"Bayar Pajak Kendaraan di PRJ 2026, Bebas Denda dan Dapat Suvenir",AI_HUNTER_RSS,source_candidate,Pemprov DKI Jakarta hapus sanksi administrasi pajak kendaraan hingga 31 Agustus 2026. Bayar pajak di Gerai Samsat PRJ sambil menikmati pameran. https://www.cnbcindonesia.com/news/20260704140237-4-748034/bayar-pajak-kendaraan-di-prj-2026-bebas-denda-dapat-suvenir,LOW,DRAFT_REVIEW_NEEDS_EVIDENCE,MR-AI-8C07A8FFFFB5517E,https://www.cnbcindonesia.com/news/20260704140237-4-748034/bayar-pajak-kendaraan-di-prj-2026-bebas-denda-dapat-suvenir,CURRENT_PERIOD_SEARCH,67,AI_AUDIT_AND_MAP_TO_FINAL_MODULE
2026,HUNTER-DE67278B6EA81AE4,prog_eksekutif,"Bayar Pajak Kendaraan di PRJ 2026, Bebas Denda dan Dapat Suvenir",AI_HUNTER_RSS,source_candidate,Pemprov DKI Jakarta hapus sanksi administrasi pajak kendaraan hingga 31 Agustus 2026. Bayar pajak di Gerai Samsat PRJ sambil menikmati pameran. https://www.cnbcindonesia.com/news/20260704140237-4-748034/bayar-pajak-kendaraan-di-prj-2026-bebas-denda-dapat-suvenir,LOW,DRAFT_REVIEW_NEEDS_EVIDENCE,MR-AI-BD87732D2BE02D60,https://www.cnbcindonesia.com/news/20260704140237-4-748034/bayar-pajak-kendaraan-di-prj-2026-bebas-denda-dapat-suvenir,CURRENT_PERIOD_SEARCH,67,AI_AUDIT_AND_MAP_TO_FINAL_MODULE
2026,HUNTER-5F468ACCAA54DC8D,prog_legislatif,"Bayar Pajak Kendaraan di PRJ 2026, Bebas Denda dan Dapat Suvenir",AI_HUNTER_RSS,source_candidate,Pemprov DKI Jakarta hapus sanksi administrasi pajak kendaraan hingga 31 Agustus 2026. Bayar pajak di Gerai Samsat PRJ sambil menikmati pameran. https://www.cnbcindonesia.com/news/20260704140237-4-748034/bayar-pajak-kendaraan-di-prj-2026-bebas-denda-dapat-suvenir,LOW,DRAFT_REVIEW_NEEDS_EVIDENCE,MR-AI-F02090484B58F9C9,https://www.cnbcindonesia.com/news/20260704140237-4-748034/bayar-pajak-kendaraan-di-prj-2026-bebas-denda-dapat-suvenir,CURRENT_PERIOD_SEARCH,67,AI_AUDIT_AND_MAP_TO_FINAL_MODULE
2026,HUNTER-C85400B3B963A040,redflag,"Bayar Pajak Kendaraan di PRJ 2026, Bebas Denda dan Dapat Suvenir",AI_HUNTER_RSS,source_candidate,Pemprov DKI Jakarta hapus sanksi administrasi pajak kendaraan hingga 31 Agustus 2026. Bayar pajak di Gerai Samsat PRJ sambil menikmati pameran. https://www.cnbcindonesia.com/news/20260704140237-4-748034/bayar-pajak-kendaraan-di-prj-2026-bebas-denda-dapat-suvenir,LOW,DRAFT_REVIEW_NEEDS_EVIDENCE,MR-AI-A410C088CAF247F4,https://www.cnbcindonesia.com/news/20260704140237-4-748034/bayar-pajak-kendaraan-di-prj-2026-bebas-denda-dapat-suvenir,CURRENT_PERIOD_SEARCH,67,AI_AUDIT_AND_MAP_TO_FINAL_MODULE
2026,HUNTER-57798A1C698D6A9F,risknas,"Bayar Pajak Kendaraan di PRJ 2026, Bebas Denda dan Dapat Suvenir",AI_HUNTER_RSS,source_candidate,Pemprov DKI Jakarta hapus sanksi administrasi pajak kendaraan hingga 31 Agustus 2026. Bayar pajak di Gerai Samsat PRJ sambil menikmati pameran. https://www.cnbcindonesia.com/news/20260704140237-4-748034/bayar-pajak-kendaraan-di-prj-2026-bebas-denda-dapat-suvenir,LOW,DRAFT_REVIEW_NEEDS_EVIDENCE,MR-AI-4FF2006388B12068,https://www.cnbcindonesia.com/news/20260704140237-4-748034/bayar-pajak-kendaraan-di-prj-2026-bebas-denda-dapat-suvenir,CURRENT_PERIOD_SEARCH,67,AI_AUDIT_AND_MAP_TO_FINAL_MODULE
2026,HUNTER-EB5D9192C4C27CE6,sda,"Bayar Pajak Kendaraan di PRJ 2026, Bebas Denda dan Dapat Suvenir",AI_HUNTER_RSS,source_candidate,Pemprov DKI Jakarta hapus sanksi administrasi pajak kendaraan hingga 31 Agustus 2026. Bayar pajak di Gerai Samsat PRJ sambil menikmati pameran. https://www.cnbcindonesia.com/news/20260704140237-4-748034/bayar-pajak-kendaraan-di-prj-2026-bebas-denda-dapat-suvenir,LOW,DRAFT_REVIEW_NEEDS_EVIDENCE,MR-AI-10A4256D105F6144,https://www.cnbcindonesia.com/news/20260704140237-4-748034/bayar-pajak-kendaraan-di-prj-2026-bebas-denda-dapat-suvenir,CURRENT_PERIOD_SEARCH,67,AI_AUDIT_AND_MAP_TO_FINAL_MODULE
2026,HUNTER-D1291E1AE7B68A53,vendor,"Bayar Pajak Kendaraan di PRJ 2026, Bebas Denda dan Dapat Suvenir",AI_HUNTER_RSS,source_candidate,Pemprov DKI Jakarta hapus sanksi administrasi pajak kendaraan hingga 31 Agustus 2026. Bayar pajak di Gerai Samsat PRJ sambil menikmati pameran. https://www.cnbcindonesia.com/news/20260704140237-4-748034/bayar-pajak-kendaraan-di-prj-2026-bebas-denda-dapat-suvenir,LOW,DRAFT_REVIEW_NEEDS_EVIDENCE,MR-AI-54777F70252F6B34,https://www.cnbcindonesia.com/news/20260704140237-4-748034/bayar-pajak-kendaraan-di-prj-2026-bebas-denda-dapat-suvenir,CURRENT_PERIOD_SEARCH,67,AI_AUDIT_AND_MAP_TO_FINAL_MODULE
